split_id,uptake_regime,baseline_policy,metric,adaptive_value,baseline_value,diff_adaptive_minus_baseline,direction
formal_mainline_low_seed0,low,mainline_no_menu,net_profit,-179089.691743,-194694.600000,15604.908257,adaptive_better
formal_mainline_low_seed0,low,mainline_no_menu,operational_cost,179037.600000,194694.600000,-15657.000000,adaptive_better
formal_mainline_low_seed0,low,mainline_no_menu,total_cost,180254.283718,194694.600000,-14440.316282,adaptive_better
formal_mainline_low_seed0,low,mainline_no_menu,acceptance_rate,0.524669,0.524051,0.000618,adaptive_better
formal_mainline_low_seed0,low,mainline_no_menu,served_rate,0.524669,0.524051,0.000618,adaptive_better
formal_mainline_low_seed0,low,mainline_no_menu,optout_rate,0.475331,0.475949,-0.000618,adaptive_better
formal_mainline_low_seed0,low,mainline_no_menu,home_share,0.474128,0.524051,-0.049923,baseline_better
formal_mainline_low_seed0,low,mainline_no_menu,meeting_point_uptake_rate,0.050542,0.000000,0.050542,adaptive_better
formal_mainline_low_seed0,low,mainline_no_menu,service_time_total,179037.600000,194694.600000,-15657.000000,adaptive_better
formal_mainline_low_seed0,low,mainline_fixed_menu,net_profit,-179089.691743,-178911.964935,-177.726808,baseline_better
formal_mainline_low_seed0,low,mainline_fixed_menu,operational_cost,179037.600000,179070.600000,-33.000000,adaptive_better
formal_mainline_low_seed0,low,mainline_fixed_menu,total_cost,180254.283718,180094.730959,159.552759,baseline_better
formal_mainline_low_seed0,low,mainline_fixed_menu,acceptance_rate,0.524669,0.514502,0.010167,adaptive_better
formal_mainline_low_seed0,low,mainline_fixed_menu,served_rate,0.524669,0.514502,0.010167,adaptive_better
formal_mainline_low_seed0,low,mainline_fixed_menu,optout_rate,0.475331,0.485498,-0.010167,adaptive_better
formal_mainline_low_seed0,low,mainline_fixed_menu,home_share,0.474128,0.488020,-0.013893,baseline_better
formal_mainline_low_seed0,low,mainline_fixed_menu,meeting_point_uptake_rate,0.050542,0.026482,0.024060,adaptive_better
formal_mainline_low_seed0,low,mainline_fixed_menu,service_time_total,179037.600000,179070.600000,-33.000000,adaptive_better
formal_mainline_low_seed0,low,mainline_random_menu,net_profit,-179089.691743,-173508.507057,-5581.184686,baseline_better
formal_mainline_low_seed0,low,mainline_random_menu,operational_cost,179037.600000,173751.000000,5286.600000,baseline_better
formal_mainline_low_seed0,low,mainline_random_menu,total_cost,180254.283718,174680.299738,5573.983980,baseline_better
formal_mainline_low_seed0,low,mainline_random_menu,acceptance_rate,0.524669,0.482121,0.042548,adaptive_better
formal_mainline_low_seed0,low,mainline_random_menu,served_rate,0.524669,0.482121,0.042548,adaptive_better
formal_mainline_low_seed0,low,mainline_random_menu,optout_rate,0.475331,0.517879,-0.042548,adaptive_better
formal_mainline_low_seed0,low,mainline_random_menu,home_share,0.474128,0.463625,0.010502,adaptive_better
formal_mainline_low_seed0,low,mainline_random_menu,meeting_point_uptake_rate,0.050542,0.018496,0.032046,adaptive_better
formal_mainline_low_seed0,low,mainline_random_menu,service_time_total,179037.600000,173751.000000,5286.600000,baseline_better
formal_mainline_low_seed0,low,mainline_optimized_m,net_profit,-179089.691743,-186430.200000,7340.508257,adaptive_better
formal_mainline_low_seed0,low,mainline_optimized_m,operational_cost,179037.600000,186430.200000,-7392.600000,adaptive_better
formal_mainline_low_seed0,low,mainline_optimized_m,total_cost,180254.283718,186430.200000,-6175.916282,adaptive_better
formal_mainline_low_seed0,low,mainline_optimized_m,acceptance_rate,0.524669,0.532258,-0.007589,baseline_better
formal_mainline_low_seed0,low,mainline_optimized_m,served_rate,0.524669,0.532258,-0.007589,baseline_better
formal_mainline_low_seed0,low,mainline_optimized_m,optout_rate,0.475331,0.467742,0.007589,baseline_better
formal_mainline_low_seed0,low,mainline_optimized_m,home_share,0.474128,0.502481,-0.028354,baseline_better
formal_mainline_low_seed0,low,mainline_optimized_m,meeting_point_uptake_rate,0.050542,0.029777,0.020765,adaptive_better
formal_mainline_low_seed0,low,mainline_optimized_m,service_time_total,179037.600000,186430.200000,-7392.600000,adaptive_better
formal_mainline_low_seed0,low,mainline_optimized_mw,net_profit,-179089.691743,-174998.400000,-4091.291743,baseline_better
formal_mainline_low_seed0,low,mainline_optimized_mw,operational_cost,179037.600000,174998.400000,4039.200000,baseline_better
formal_mainline_low_seed0,low,mainline_optimized_mw,total_cost,180254.283718,174998.400000,5255.883718,baseline_better
formal_mainline_low_seed0,low,mainline_optimized_mw,acceptance_rate,0.524669,0.512102,0.012567,adaptive_better
formal_mainline_low_seed0,low,mainline_optimized_mw,served_rate,0.524669,0.512102,0.012567,adaptive_better
formal_mainline_low_seed0,low,mainline_optimized_mw,optout_rate,0.475331,0.487898,-0.012567,adaptive_better
formal_mainline_low_seed0,low,mainline_optimized_mw,home_share,0.474128,0.499363,-0.025236,baseline_better
formal_mainline_low_seed0,low,mainline_optimized_mw,meeting_point_uptake_rate,0.050542,0.012739,0.037803,adaptive_better
formal_mainline_low_seed0,low,mainline_optimized_mw,service_time_total,179037.600000,174998.400000,4039.200000,baseline_better
formal_mainline_low_seed0,low,mainline_optimized_fixed_window,net_profit,-179089.691743,-179089.691743,0.000000,tie
formal_mainline_low_seed0,low,mainline_optimized_fixed_window,operational_cost,179037.600000,179037.600000,0.000000,tie
formal_mainline_low_seed0,low,mainline_optimized_fixed_window,total_cost,180254.283718,180254.283718,0.000000,tie
formal_mainline_low_seed0,low,mainline_optimized_fixed_window,acceptance_rate,0.524669,0.524669,0.000000,tie
formal_mainline_low_seed0,low,mainline_optimized_fixed_window,served_rate,0.524669,0.524669,0.000000,tie
formal_mainline_low_seed0,low,mainline_optimized_fixed_window,optout_rate,0.475331,0.475331,0.000000,tie
formal_mainline_low_seed0,low,mainline_optimized_fixed_window,home_share,0.474128,0.474128,0.000000,tie
formal_mainline_low_seed0,low,mainline_optimized_fixed_window,meeting_point_uptake_rate,0.050542,0.050542,0.000000,tie
formal_mainline_low_seed0,low,mainline_optimized_fixed_window,service_time_total,179037.600000,179037.600000,0.000000,tie
formal_mainline_low_seed1,low,mainline_no_menu,net_profit,-193134.759882,-189414.600000,-3720.159882,baseline_better
formal_mainline_low_seed1,low,mainline_no_menu,operational_cost,193019.400000,189414.600000,3604.800000,baseline_better
formal_mainline_low_seed1,low,mainline_no_menu,total_cost,194338.992145,189414.600000,4924.392145,baseline_better
formal_mainline_low_seed1,low,mainline_no_menu,acceptance_rate,0.508830,0.524051,-0.015221,baseline_better
formal_mainline_low_seed1,low,mainline_no_menu,served_rate,0.508830,0.524051,-0.015221,baseline_better
formal_mainline_low_seed1,low,mainline_no_menu,optout_rate,0.491170,0.475949,0.015221,baseline_better
formal_mainline_low_seed1,low,mainline_no_menu,home_share,0.467991,0.524051,-0.056059,baseline_better
formal_mainline_low_seed1,low,mainline_no_menu,meeting_point_uptake_rate,0.040839,0.000000,0.040839,adaptive_better
formal_mainline_low_seed1,low,mainline_no_menu,service_time_total,193019.400000,189414.600000,3604.800000,baseline_better
formal_mainline_low_seed1,low,mainline_fixed_menu,net_profit,-193134.759882,-193246.759257,111.999374,adaptive_better
formal_mainline_low_seed1,low,mainline_fixed_menu,operational_cost,193019.400000,193243.200000,-223.800000,adaptive_better
formal_mainline_low_seed1,low,mainline_fixed_menu,total_cost,194338.992145,194429.290878,-90.298732,adaptive_better
formal_mainline_low_seed1,low,mainline_fixed_menu,acceptance_rate,0.508830,0.527273,-0.018443,baseline_better
formal_mainline_low_seed1,low,mainline_fixed_menu,served_rate,0.508830,0.527273,-0.018443,baseline_better
formal_mainline_low_seed1,low,mainline_fixed_menu,optout_rate,0.491170,0.472727,0.018443,baseline_better
formal_mainline_low_seed1,low,mainline_fixed_menu,home_share,0.467991,0.492121,-0.024130,baseline_better
formal_mainline_low_seed1,low,mainline_fixed_menu,meeting_point_uptake_rate,0.040839,0.035152,0.005687,adaptive_better
formal_mainline_low_seed1,low,mainline_fixed_menu,service_time_total,193019.400000,193243.200000,-223.800000,adaptive_better
formal_mainline_low_seed1,low,mainline_random_menu,net_profit,-193134.759882,-185623.811685,-7510.948197,baseline_better
formal_mainline_low_seed1,low,mainline_random_menu,operational_cost,193019.400000,185674.800000,7344.600000,baseline_better
formal_mainline_low_seed1,low,mainline_random_menu,total_cost,194338.992145,186793.076560,7545.915585,baseline_better
formal_mainline_low_seed1,low,mainline_random_menu,acceptance_rate,0.508830,0.491289,0.017541,adaptive_better
formal_mainline_low_seed1,low,mainline_random_menu,served_rate,0.508830,0.491289,0.017541,adaptive_better
formal_mainline_low_seed1,low,mainline_random_menu,optout_rate,0.491170,0.508711,-0.017541,adaptive_better
formal_mainline_low_seed1,low,mainline_random_menu,home_share,0.467991,0.454123,0.013868,adaptive_better
formal_mainline_low_seed1,low,mainline_random_menu,meeting_point_uptake_rate,0.040839,0.037166,0.003673,adaptive_better
formal_mainline_low_seed1,low,mainline_random_menu,service_time_total,193019.400000,185674.800000,7344.600000,baseline_better
formal_mainline_low_seed1,low,mainline_optimized_m,net_profit,-193134.759882,-193309.800000,175.040118,adaptive_better
formal_mainline_low_seed1,low,mainline_optimized_m,operational_cost,193019.400000,193309.800000,-290.400000,adaptive_better
formal_mainline_low_seed1,low,mainline_optimized_m,total_cost,194338.992145,193309.800000,1029.192145,baseline_better
formal_mainline_low_seed1,low,mainline_optimized_m,acceptance_rate,0.508830,0.509029,-0.000199,baseline_better
formal_mainline_low_seed1,low,mainline_optimized_m,served_rate,0.508830,0.509029,-0.000199,baseline_better
formal_mainline_low_seed1,low,mainline_optimized_m,optout_rate,0.491170,0.490971,0.000199,baseline_better
formal_mainline_low_seed1,low,mainline_optimized_m,home_share,0.467991,0.479684,-0.011693,baseline_better
formal_mainline_low_seed1,low,mainline_optimized_m,meeting_point_uptake_rate,0.040839,0.029345,0.011493,adaptive_better
formal_mainline_low_seed1,low,mainline_optimized_m,service_time_total,193019.400000,193309.800000,-290.400000,adaptive_better
formal_mainline_low_seed1,low,mainline_optimized_mw,net_profit,-193134.759882,-185400.000000,-7734.759882,baseline_better
formal_mainline_low_seed1,low,mainline_optimized_mw,operational_cost,193019.400000,185400.000000,7619.400000,baseline_better
formal_mainline_low_seed1,low,mainline_optimized_mw,total_cost,194338.992145,185400.000000,8938.992145,baseline_better
formal_mainline_low_seed1,low,mainline_optimized_mw,acceptance_rate,0.508830,0.503667,0.005163,adaptive_better
formal_mainline_low_seed1,low,mainline_optimized_mw,served_rate,0.508830,0.503667,0.005163,adaptive_better
formal_mainline_low_seed1,low,mainline_optimized_mw,optout_rate,0.491170,0.496333,-0.005163,adaptive_better
formal_mainline_low_seed1,low,mainline_optimized_mw,home_share,0.467991,0.490220,-0.022229,baseline_better
formal_mainline_low_seed1,low,mainline_optimized_mw,meeting_point_uptake_rate,0.040839,0.013447,0.027391,adaptive_better
formal_mainline_low_seed1,low,mainline_optimized_mw,service_time_total,193019.400000,185400.000000,7619.400000,baseline_better
formal_mainline_low_seed1,low,mainline_optimized_fixed_window,net_profit,-193134.759882,-193134.759882,0.000000,tie
formal_mainline_low_seed1,low,mainline_optimized_fixed_window,operational_cost,193019.400000,193019.400000,0.000000,tie
formal_mainline_low_seed1,low,mainline_optimized_fixed_window,total_cost,194338.992145,194338.992145,0.000000,tie
formal_mainline_low_seed1,low,mainline_optimized_fixed_window,acceptance_rate,0.508830,0.508830,0.000000,tie
formal_mainline_low_seed1,low,mainline_optimized_fixed_window,served_rate,0.508830,0.508830,0.000000,tie
formal_mainline_low_seed1,low,mainline_optimized_fixed_window,optout_rate,0.491170,0.491170,0.000000,tie
formal_mainline_low_seed1,low,mainline_optimized_fixed_window,home_share,0.467991,0.467991,0.000000,tie
formal_mainline_low_seed1,low,mainline_optimized_fixed_window,meeting_point_uptake_rate,0.040839,0.040839,0.000000,tie
formal_mainline_low_seed1,low,mainline_optimized_fixed_window,service_time_total,193019.400000,193019.400000,0.000000,tie
formal_mainline_medium_seed0,medium,mainline_no_menu,net_profit,-182757.178340,-194694.600000,11937.421660,adaptive_better
formal_mainline_medium_seed0,medium,mainline_no_menu,operational_cost,182485.200000,194694.600000,-12209.400000,adaptive_better
formal_mainline_medium_seed0,medium,mainline_no_menu,total_cost,183957.178340,194694.600000,-10737.421660,adaptive_better
formal_mainline_medium_seed0,medium,mainline_no_menu,acceptance_rate,0.594132,0.524051,0.070081,adaptive_better
formal_mainline_medium_seed0,medium,mainline_no_menu,served_rate,0.594132,0.524051,0.070081,adaptive_better
formal_mainline_medium_seed0,medium,mainline_no_menu,optout_rate,0.405868,0.475949,-0.070081,adaptive_better
formal_mainline_medium_seed0,medium,mainline_no_menu,home_share,0.484108,0.524051,-0.039943,baseline_better
formal_mainline_medium_seed0,medium,mainline_no_menu,meeting_point_uptake_rate,0.110024,0.000000,0.110024,adaptive_better
formal_mainline_medium_seed0,medium,mainline_no_menu,service_time_total,182485.200000,194694.600000,-12209.400000,adaptive_better
formal_mainline_medium_seed0,medium,mainline_fixed_menu,net_profit,-182757.178340,-179452.412407,-3304.765932,baseline_better
formal_mainline_medium_seed0,medium,mainline_fixed_menu,operational_cost,182485.200000,179263.200000,3222.000000,baseline_better
formal_mainline_medium_seed0,medium,mainline_fixed_menu,total_cost,183957.178340,180633.945930,3323.232410,baseline_better
formal_mainline_medium_seed0,medium,mainline_fixed_menu,acceptance_rate,0.594132,0.559281,0.034851,adaptive_better
formal_mainline_medium_seed0,medium,mainline_fixed_menu,served_rate,0.594132,0.559281,0.034851,adaptive_better
formal_mainline_medium_seed0,medium,mainline_fixed_menu,optout_rate,0.405868,0.440719,-0.034851,adaptive_better
formal_mainline_medium_seed0,medium,mainline_fixed_menu,home_share,0.484108,0.469461,0.014647,adaptive_better
formal_mainline_medium_seed0,medium,mainline_fixed_menu,meeting_point_uptake_rate,0.110024,0.089820,0.020204,adaptive_better
formal_mainline_medium_seed0,medium,mainline_fixed_menu,service_time_total,182485.200000,179263.200000,3222.000000,baseline_better
formal_mainline_medium_seed0,medium,mainline_random_menu,net_profit,-182757.178340,-186408.386343,3651.208004,adaptive_better
formal_mainline_medium_seed0,medium,mainline_random_menu,operational_cost,182485.200000,186372.600000,-3887.400000,adaptive_better
formal_mainline_medium_seed0,medium,mainline_random_menu,total_cost,183957.178340,187707.183571,-3750.005232,adaptive_better
formal_mainline_medium_seed0,medium,mainline_random_menu,acceptance_rate,0.594132,0.548753,0.045379,adaptive_better
formal_mainline_medium_seed0,medium,mainline_random_menu,served_rate,0.594132,0.548753,0.045379,adaptive_better
formal_mainline_medium_seed0,medium,mainline_random_menu,optout_rate,0.405868,0.451247,-0.045379,adaptive_better
formal_mainline_medium_seed0,medium,mainline_random_menu,home_share,0.484108,0.460317,0.023790,adaptive_better
formal_mainline_medium_seed0,medium,mainline_random_menu,meeting_point_uptake_rate,0.110024,0.088435,0.021589,adaptive_better
formal_mainline_medium_seed0,medium,mainline_random_menu,service_time_total,182485.200000,186372.600000,-3887.400000,adaptive_better
formal_mainline_medium_seed0,medium,mainline_optimized_m,net_profit,-182757.178340,-189864.000000,7106.821660,adaptive_better
formal_mainline_medium_seed0,medium,mainline_optimized_m,operational_cost,182485.200000,189864.000000,-7378.800000,adaptive_better
formal_mainline_medium_seed0,medium,mainline_optimized_m,total_cost,183957.178340,189864.000000,-5906.821660,adaptive_better
formal_mainline_medium_seed0,medium,mainline_optimized_m,acceptance_rate,0.594132,0.533561,0.060571,adaptive_better
formal_mainline_medium_seed0,medium,mainline_optimized_m,served_rate,0.594132,0.533561,0.060571,adaptive_better
formal_mainline_medium_seed0,medium,mainline_optimized_m,optout_rate,0.405868,0.466439,-0.060571,adaptive_better
formal_mainline_medium_seed0,medium,mainline_optimized_m,home_share,0.484108,0.480091,0.004017,adaptive_better
formal_mainline_medium_seed0,medium,mainline_optimized_m,meeting_point_uptake_rate,0.110024,0.053470,0.056555,adaptive_better
formal_mainline_medium_seed0,medium,mainline_optimized_m,service_time_total,182485.200000,189864.000000,-7378.800000,adaptive_better
formal_mainline_medium_seed0,medium,mainline_optimized_mw,net_profit,-182757.178340,-181515.600000,-1241.578340,baseline_better
formal_mainline_medium_seed0,medium,mainline_optimized_mw,operational_cost,182485.200000,181515.600000,969.600000,baseline_better
formal_mainline_medium_seed0,medium,mainline_optimized_mw,total_cost,183957.178340,181515.600000,2441.578340,baseline_better
formal_mainline_medium_seed0,medium,mainline_optimized_mw,acceptance_rate,0.594132,0.528445,0.065687,adaptive_better
formal_mainline_medium_seed0,medium,mainline_optimized_mw,served_rate,0.594132,0.528445,0.065687,adaptive_better
formal_mainline_medium_seed0,medium,mainline_optimized_mw,optout_rate,0.405868,0.471555,-0.065687,adaptive_better
formal_mainline_medium_seed0,medium,mainline_optimized_mw,home_share,0.484108,0.508217,-0.024110,baseline_better
formal_mainline_medium_seed0,medium,mainline_optimized_mw,meeting_point_uptake_rate,0.110024,0.020228,0.089797,adaptive_better
formal_mainline_medium_seed0,medium,mainline_optimized_mw,service_time_total,182485.200000,181515.600000,969.600000,baseline_better
formal_mainline_medium_seed0,medium,mainline_optimized_fixed_window,net_profit,-182757.178340,-182757.178340,0.000000,tie
formal_mainline_medium_seed0,medium,mainline_optimized_fixed_window,operational_cost,182485.200000,182485.200000,0.000000,tie
formal_mainline_medium_seed0,medium,mainline_optimized_fixed_window,total_cost,183957.178340,183957.178340,0.000000,tie
formal_mainline_medium_seed0,medium,mainline_optimized_fixed_window,acceptance_rate,0.594132,0.594132,0.000000,tie
formal_mainline_medium_seed0,medium,mainline_optimized_fixed_window,served_rate,0.594132,0.594132,0.000000,tie
formal_mainline_medium_seed0,medium,mainline_optimized_fixed_window,optout_rate,0.405868,0.405868,0.000000,tie
formal_mainline_medium_seed0,medium,mainline_optimized_fixed_window,home_share,0.484108,0.484108,0.000000,tie
formal_mainline_medium_seed0,medium,mainline_optimized_fixed_window,meeting_point_uptake_rate,0.110024,0.110024,0.000000,tie
formal_mainline_medium_seed0,medium,mainline_optimized_fixed_window,service_time_total,182485.200000,182485.200000,0.000000,tie
formal_mainline_medium_seed1,medium,mainline_no_menu,net_profit,-177000.695321,-189414.600000,12413.904679,adaptive_better
formal_mainline_medium_seed1,medium,mainline_no_menu,operational_cost,176496.000000,189414.600000,-12918.600000,adaptive_better
formal_mainline_medium_seed1,medium,mainline_no_menu,total_cost,178140.695321,189414.600000,-11273.904679,adaptive_better
formal_mainline_medium_seed1,medium,mainline_no_menu,acceptance_rate,0.576174,0.524051,0.052123,adaptive_better
formal_mainline_medium_seed1,medium,mainline_no_menu,served_rate,0.576174,0.524051,0.052123,adaptive_better
formal_mainline_medium_seed1,medium,mainline_no_menu,optout_rate,0.423826,0.475949,-0.052123,adaptive_better
formal_mainline_medium_seed1,medium,mainline_no_menu,home_share,0.444444,0.524051,-0.079606,baseline_better
formal_mainline_medium_seed1,medium,mainline_no_menu,meeting_point_uptake_rate,0.131730,0.000000,0.131730,adaptive_better
formal_mainline_medium_seed1,medium,mainline_no_menu,service_time_total,176496.000000,189414.600000,-12918.600000,adaptive_better
formal_mainline_medium_seed1,medium,mainline_fixed_menu,net_profit,-177000.695321,-175019.284429,-1981.410892,baseline_better
formal_mainline_medium_seed1,medium,mainline_fixed_menu,operational_cost,176496.000000,174574.200000,1921.800000,baseline_better
formal_mainline_medium_seed1,medium,mainline_fixed_menu,total_cost,178140.695321,176054.284429,2086.410892,baseline_better
formal_mainline_medium_seed1,medium,mainline_fixed_menu,acceptance_rate,0.576174,0.511838,0.064336,adaptive_better
formal_mainline_medium_seed1,medium,mainline_fixed_menu,served_rate,0.576174,0.511838,0.064336,adaptive_better
formal_mainline_medium_seed1,medium,mainline_fixed_menu,optout_rate,0.423826,0.488162,-0.064336,adaptive_better
formal_mainline_medium_seed1,medium,mainline_fixed_menu,home_share,0.444444,0.417136,0.027308,adaptive_better
formal_mainline_medium_seed1,medium,mainline_fixed_menu,meeting_point_uptake_rate,0.131730,0.094701,0.037028,adaptive_better
formal_mainline_medium_seed1,medium,mainline_fixed_menu,service_time_total,176496.000000,174574.200000,1921.800000,baseline_better
formal_mainline_medium_seed1,medium,mainline_random_menu,net_profit,-177000.695321,-165472.752233,-11527.943087,baseline_better
formal_mainline_medium_seed1,medium,mainline_random_menu,operational_cost,176496.000000,165147.600000,11348.400000,baseline_better
formal_mainline_medium_seed1,medium,mainline_random_menu,total_cost,178140.695321,166512.752233,11627.943087,baseline_better
formal_mainline_medium_seed1,medium,mainline_random_menu,acceptance_rate,0.576174,0.534314,0.041860,adaptive_better
formal_mainline_medium_seed1,medium,mainline_random_menu,served_rate,0.576174,0.534314,0.041860,adaptive_better
formal_mainline_medium_seed1,medium,mainline_random_menu,optout_rate,0.423826,0.465686,-0.041860,adaptive_better
formal_mainline_medium_seed1,medium,mainline_random_menu,home_share,0.444444,0.433824,0.010621,adaptive_better
formal_mainline_medium_seed1,medium,mainline_random_menu,meeting_point_uptake_rate,0.131730,0.100490,0.031239,adaptive_better
formal_mainline_medium_seed1,medium,mainline_random_menu,service_time_total,176496.000000,165147.600000,11348.400000,baseline_better
formal_mainline_medium_seed1,medium,mainline_optimized_m,net_profit,-177000.695321,-194548.200000,17547.504679,adaptive_better
formal_mainline_medium_seed1,medium,mainline_optimized_m,operational_cost,176496.000000,194548.200000,-18052.200000,adaptive_better
formal_mainline_medium_seed1,medium,mainline_optimized_m,total_cost,178140.695321,194548.200000,-16407.504679,adaptive_better
formal_mainline_medium_seed1,medium,mainline_optimized_m,acceptance_rate,0.576174,0.516593,0.059581,adaptive_better
formal_mainline_medium_seed1,medium,mainline_optimized_m,served_rate,0.576174,0.516593,0.059581,adaptive_better
formal_mainline_medium_seed1,medium,mainline_optimized_m,optout_rate,0.423826,0.483407,-0.059581,adaptive_better
formal_mainline_medium_seed1,medium,mainline_optimized_m,home_share,0.444444,0.470133,-0.025688,baseline_better
formal_mainline_medium_seed1,medium,mainline_optimized_m,meeting_point_uptake_rate,0.131730,0.046460,0.085269,adaptive_better
formal_mainline_medium_seed1,medium,mainline_optimized_m,service_time_total,176496.000000,194548.200000,-18052.200000,adaptive_better
formal_mainline_medium_seed1,medium,mainline_optimized_mw,net_profit,-177000.695321,-199933.200000,22932.504679,adaptive_better
formal_mainline_medium_seed1,medium,mainline_optimized_mw,operational_cost,176496.000000,199933.200000,-23437.200000,adaptive_better
formal_mainline_medium_seed1,medium,mainline_optimized_mw,total_cost,178140.695321,199933.200000,-21792.504679,adaptive_better
formal_mainline_medium_seed1,medium,mainline_optimized_mw,acceptance_rate,0.576174,0.491131,0.085043,adaptive_better
formal_mainline_medium_seed1,medium,mainline_optimized_mw,served_rate,0.576174,0.491131,0.085043,adaptive_better
formal_mainline_medium_seed1,medium,mainline_optimized_mw,optout_rate,0.423826,0.508869,-0.085043,adaptive_better
formal_mainline_medium_seed1,medium,mainline_optimized_mw,home_share,0.444444,0.467849,-0.023405,baseline_better
formal_mainline_medium_seed1,medium,mainline_optimized_mw,meeting_point_uptake_rate,0.131730,0.023282,0.108448,adaptive_better
formal_mainline_medium_seed1,medium,mainline_optimized_mw,service_time_total,176496.000000,199933.200000,-23437.200000,adaptive_better
formal_mainline_medium_seed1,medium,mainline_optimized_fixed_window,net_profit,-177000.695321,-177000.695321,0.000000,tie
formal_mainline_medium_seed1,medium,mainline_optimized_fixed_window,operational_cost,176496.000000,176496.000000,0.000000,tie
formal_mainline_medium_seed1,medium,mainline_optimized_fixed_window,total_cost,178140.695321,178140.695321,0.000000,tie
formal_mainline_medium_seed1,medium,mainline_optimized_fixed_window,acceptance_rate,0.576174,0.576174,0.000000,tie
formal_mainline_medium_seed1,medium,mainline_optimized_fixed_window,served_rate,0.576174,0.576174,0.000000,tie
formal_mainline_medium_seed1,medium,mainline_optimized_fixed_window,optout_rate,0.423826,0.423826,0.000000,tie
formal_mainline_medium_seed1,medium,mainline_optimized_fixed_window,home_share,0.444444,0.444444,0.000000,tie
formal_mainline_medium_seed1,medium,mainline_optimized_fixed_window,meeting_point_uptake_rate,0.131730,0.131730,0.000000,tie
formal_mainline_medium_seed1,medium,mainline_optimized_fixed_window,service_time_total,176496.000000,176496.000000,0.000000,tie
formal_mainline_medium_seed2,medium,mainline_no_menu,net_profit,-170926.411221,-194694.600000,23768.188779,adaptive_better
formal_mainline_medium_seed2,medium,mainline_no_menu,operational_cost,170493.600000,194694.600000,-24201.000000,adaptive_better
formal_mainline_medium_seed2,medium,mainline_no_menu,total_cost,172040.501845,194694.600000,-22654.098155,adaptive_better
formal_mainline_medium_seed2,medium,mainline_no_menu,acceptance_rate,0.573634,0.524051,0.049584,adaptive_better
formal_mainline_medium_seed2,medium,mainline_no_menu,served_rate,0.573634,0.524051,0.049584,adaptive_better
formal_mainline_medium_seed2,medium,mainline_no_menu,optout_rate,0.426366,0.475949,-0.049584,adaptive_better
formal_mainline_medium_seed2,medium,mainline_no_menu,home_share,0.445368,0.524051,-0.078682,baseline_better
formal_mainline_medium_seed2,medium,mainline_no_menu,meeting_point_uptake_rate,0.128266,0.000000,0.128266,adaptive_better
formal_mainline_medium_seed2,medium,mainline_no_menu,service_time_total,170493.600000,194694.600000,-24201.000000,adaptive_better
formal_mainline_medium_seed2,medium,mainline_fixed_menu,net_profit,-170926.411221,-186060.960979,15134.549758,adaptive_better
formal_mainline_medium_seed2,medium,mainline_fixed_menu,operational_cost,170493.600000,185961.600000,-15468.000000,adaptive_better
formal_mainline_medium_seed2,medium,mainline_fixed_menu,total_cost,172040.501845,187263.827087,-15223.325242,adaptive_better
formal_mainline_medium_seed2,medium,mainline_fixed_menu,acceptance_rate,0.573634,0.539813,0.033822,adaptive_better
formal_mainline_medium_seed2,medium,mainline_fixed_menu,served_rate,0.573634,0.539813,0.033822,adaptive_better
formal_mainline_medium_seed2,medium,mainline_fixed_menu,optout_rate,0.426366,0.460187,-0.033822,adaptive_better
formal_mainline_medium_seed2,medium,mainline_fixed_menu,home_share,0.445368,0.464871,-0.019503,baseline_better
formal_mainline_medium_seed2,medium,mainline_fixed_menu,meeting_point_uptake_rate,0.128266,0.074941,0.053325,adaptive_better
formal_mainline_medium_seed2,medium,mainline_fixed_menu,service_time_total,170493.600000,185961.600000,-15468.000000,adaptive_better
formal_mainline_medium_seed2,medium,mainline_random_menu,net_profit,-170926.411221,-172244.139352,1317.728130,adaptive_better
formal_mainline_medium_seed2,medium,mainline_random_menu,operational_cost,170493.600000,172249.800000,-1756.200000,adaptive_better
formal_mainline_medium_seed2,medium,mainline_random_menu,total_cost,172040.501845,173442.708256,-1402.206411,adaptive_better
formal_mainline_medium_seed2,medium,mainline_random_menu,acceptance_rate,0.573634,0.530834,0.042800,adaptive_better
formal_mainline_medium_seed2,medium,mainline_random_menu,served_rate,0.573634,0.530834,0.042800,adaptive_better
formal_mainline_medium_seed2,medium,mainline_random_menu,optout_rate,0.426366,0.469166,-0.042800,adaptive_better
formal_mainline_medium_seed2,medium,mainline_random_menu,home_share,0.445368,0.448609,-0.003241,baseline_better
formal_mainline_medium_seed2,medium,mainline_random_menu,meeting_point_uptake_rate,0.128266,0.082225,0.046041,adaptive_better
formal_mainline_medium_seed2,medium,mainline_random_menu,service_time_total,170493.600000,172249.800000,-1756.200000,adaptive_better
formal_mainline_medium_seed2,medium,mainline_optimized_m,net_profit,-170926.411221,-189864.000000,18937.588779,adaptive_better
formal_mainline_medium_seed2,medium,mainline_optimized_m,operational_cost,170493.600000,189864.000000,-19370.400000,adaptive_better
formal_mainline_medium_seed2,medium,mainline_optimized_m,total_cost,172040.501845,189864.000000,-17823.498155,adaptive_better
formal_mainline_medium_seed2,medium,mainline_optimized_m,acceptance_rate,0.573634,0.533561,0.040073,adaptive_better
formal_mainline_medium_seed2,medium,mainline_optimized_m,served_rate,0.573634,0.533561,0.040073,adaptive_better
formal_mainline_medium_seed2,medium,mainline_optimized_m,optout_rate,0.426366,0.466439,-0.040073,adaptive_better
formal_mainline_medium_seed2,medium,mainline_optimized_m,home_share,0.445368,0.480091,-0.034723,baseline_better
formal_mainline_medium_seed2,medium,mainline_optimized_m,meeting_point_uptake_rate,0.128266,0.053470,0.074796,adaptive_better
formal_mainline_medium_seed2,medium,mainline_optimized_m,service_time_total,170493.600000,189864.000000,-19370.400000,adaptive_better
formal_mainline_medium_seed2,medium,mainline_optimized_mw,net_profit,-170926.411221,-181515.600000,10589.188779,adaptive_better
formal_mainline_medium_seed2,medium,mainline_optimized_mw,operational_cost,170493.600000,181515.600000,-11022.000000,adaptive_better
formal_mainline_medium_seed2,medium,mainline_optimized_mw,total_cost,172040.501845,181515.600000,-9475.098155,adaptive_better
formal_mainline_medium_seed2,medium,mainline_optimized_mw,acceptance_rate,0.573634,0.528445,0.045189,adaptive_better
formal_mainline_medium_seed2,medium,mainline_optimized_mw,served_rate,0.573634,0.528445,0.045189,adaptive_better
formal_mainline_medium_seed2,medium,mainline_optimized_mw,optout_rate,0.426366,0.471555,-0.045189,adaptive_better
formal_mainline_medium_seed2,medium,mainline_optimized_mw,home_share,0.445368,0.508217,-0.062849,baseline_better
formal_mainline_medium_seed2,medium,mainline_optimized_mw,meeting_point_uptake_rate,0.128266,0.020228,0.108038,adaptive_better
formal_mainline_medium_seed2,medium,mainline_optimized_mw,service_time_total,170493.600000,181515.600000,-11022.000000,adaptive_better
formal_mainline_medium_seed2,medium,mainline_optimized_fixed_window,net_profit,-170926.411221,-170926.411221,0.000000,tie
formal_mainline_medium_seed2,medium,mainline_optimized_fixed_window,operational_cost,170493.600000,170493.600000,0.000000,tie
formal_mainline_medium_seed2,medium,mainline_optimized_fixed_window,total_cost,172040.501845,172040.501845,0.000000,tie
formal_mainline_medium_seed2,medium,mainline_optimized_fixed_window,acceptance_rate,0.573634,0.573634,0.000000,tie
formal_mainline_medium_seed2,medium,mainline_optimized_fixed_window,served_rate,0.573634,0.573634,0.000000,tie
formal_mainline_medium_seed2,medium,mainline_optimized_fixed_window,optout_rate,0.426366,0.426366,0.000000,tie
formal_mainline_medium_seed2,medium,mainline_optimized_fixed_window,home_share,0.445368,0.445368,0.000000,tie
formal_mainline_medium_seed2,medium,mainline_optimized_fixed_window,meeting_point_uptake_rate,0.128266,0.128266,0.000000,tie
formal_mainline_medium_seed2,medium,mainline_optimized_fixed_window,service_time_total,170493.600000,170493.600000,0.000000,tie
